,target,MSE,MAE,MaxError,iter,day,month,year,model,version
0,['He_por'],1.4908417268480487,0.736926568418709,5.2967189528365,250,23,8,2021,catboost,0.26.1
1,['He_por'],1.4370981586149258,0.6316896628952384,4.612079040926821,250,23,8,2021,catboost,0.26.1
