,target,MSE,MAE,MaxError,iter,day,month,year,model,version
0,['gz_pchip_interp'],0.8696956596584907,0.33936809397862855,4.95287553843562,10,3,8,2021,catboost,0.26
1,['gz_pchip_interp'],0.7864214615144273,0.26012040976023454,4.617162685706984,10,3,8,2021,catboost,0.26
