,target,MSE,MAE,day,month,year,model,version
0,MultiXRF,1.3413038936164923,0.7139311841191772,15,2,2021,MVR,0.24.1
