,target,MSE,MAE,MaxError,day,month,year,model,version
0,['He_por'],1.7371426875352398,0.9409784860669999,6.593155618357931,1,3,2021,MVR,0.24.1
