,target,MSE,MAE,MaxError,day,month,year,model,version
0,['perm_klink_md'],0.030222297741195503,0.008940051761866283,0.245781592325805,2,3,2021,MVR,0.24.1
