,target,MSE,MAE,MaxError,day,month,year,model,version
0,['He_por'],2.928854917438506,1.4541242204616278,15.822535165550182,25,8,2021,MVR,0.24.2
