,target,MSE,MAE,MaxError,day,month,year,model,version
0,['perm_klink_md'],0.013995816720816253,0.008331842951179228,0.03757927392745458,25,8,2021,MVR,0.24.2
