,target,MSE,MAE,MaxError,day,month,year,model,version
0,['gz_pchip_interp'],1.1707674807000974,0.7239875007464751,4.568693670262062,25,8,2021,MVR,0.24.2
