,target,MSE,MAE,MaxError,day,month,year,model,version
0,['gz_pchip_interp'],1.0945704959866054,0.6831968897525804,4.181411835180364,25,8,2021,MVR,0.24.2
