,target,MSE,MAE,MaxError,day,month,year,model,version
0,['He_por'],1.6439734844747016,0.9302022208867111,8.00578647989352,25,8,2021,MVR,0.24.2
