,target,MSE,MAE,MaxError,day,month,year,model,version
0,['perm_klink_md'],0.019390534345392833,0.01155156162317814,0.06285439835835654,25,8,2021,MVR,0.24.2
