,target,MSE,MAE,MaxError,day,month,year,model,version
0,gz,1.0771424186563905,0.37024771198760975,5.362437118631103,25,8,2021,DNN,2.6.0
