,target,MSE,MAE,day,month,year,model,version
0,MultiXRF,1.3652095348443436,0.5112408133506773,25,8,2021,DNN,2.6.0
