,target,MSE,MAE,day,month,year,model,version
0,MultiXRF,1.2674108339768875,0.42479402376174935,25,8,2021,DNN,2.6.0
