,target,MSE,MAE,MaxError,day,month,year,model,version
0,gz,0.9170826023712789,0.2884054524134516,5.206509565359498,25,8,2021,DNN,2.6.0
