iter	RMSE
0	1.303068958
1	1.061855256
2	0.9281926486
3	0.8486681073
4	0.8047013481
5	0.7782965575
6	0.7527908576
7	0.7411321988
8	0.7251854426
9	0.7143373947
10	0.7025634947
11	0.693639898
12	0.6825991786
13	0.6766071173
14	0.6676808154
15	0.6626060543
16	0.6564058584
17	0.6492484576
18	0.6422065853
19	0.6294541339
20	0.6256030254
21	0.6198677526
22	0.6117154924
23	0.6078217822
24	0.6010304246
25	0.5957752113
26	0.5882533571
27	0.5783611914
28	0.5721500786
29	0.5617041157
